Metric,Factor,F,PR(>F)
test_roc_auc,C(setting),216.0863409904928,1.0221310264795923e-31
test_roc_auc,C(model),10.653454719648895,1.4424481308922264e-05
test_accuracy,C(setting),60.84469676890959,5.456515778086535e-19
test_accuracy,C(model),10.069689974926353,2.4555940274986135e-05
test_f1,C(setting),49.81602565963122,3.5280529242180186e-17
test_f1,C(model),7.790796756615495,0.00021744901369506574
test_recall,C(setting),2.822166500610238,0.034096046822180565
test_recall,C(model),8.310410704679983,0.0001302496264388231
test_precision,C(setting),117.47461808924325,2.2202833448169034e-25
test_precision,C(model),9.610355145439383,3.759861117311544e-05
