fit_time,score_time,test_roc_auc,test_accuracy,test_f1,test_recall,test_precision,model,setting
0.35248637199401855,0.04106402397155762,0.5152230627715926,0.3813615333773959,0.48,0.8709677419354839,0.3312883435582822,Logistic Regression,S1
0.1388230323791504,0.039182424545288086,0.5267102404288387,0.38995373430270985,0.47705382436260624,0.8487903225806451,0.3317572892040977,Logistic Regression,S1
0.14390802383422852,0.03603029251098633,0.5461884048768098,0.37103174603174605,0.4960254372019078,0.9435483870967742,0.3364485981308411,Logistic Regression,S1
0.24100995063781738,0.0442049503326416,0.7071181051162496,0.5895571711830799,0.5684503127171647,0.8245967741935484,0.4337221633085896,Logistic Regression,S2
0.19060993194580078,0.041226863861083984,0.7166228550131634,0.6100462656972901,0.5868347338935574,0.844758064516129,0.44957081545064376,Logistic Regression,S2
0.1981360912322998,0.04141569137573242,0.7043910337820676,0.6044973544973545,0.5589970501474927,0.7641129032258065,0.44069767441860463,Logistic Regression,S2
1.096215009689331,0.04752945899963379,0.624373552827735,0.5076007931262393,0.5257797581158498,0.8326612903225806,0.3841860465116279,Logistic Regression,S3
1.0618319511413574,0.05145907402038574,0.6587419116947377,0.5373430270984798,0.5333333333333333,0.8064516129032258,0.398406374501992,Logistic Regression,S3
1.0306239128112793,0.0465240478515625,0.6708034353568707,0.5515873015873016,0.5375170532060027,0.7943548387096774,0.4061855670103093,Logistic Regression,S3
0.1636819839477539,0.04042387008666992,0.6498081009927997,0.5380039656311963,0.5094736842105263,0.7318548387096774,0.3907427341227126,Logistic Regression,S4
0.13590025901794434,0.04695940017700195,0.6337593570590287,0.5247851949768672,0.5105513955071477,0.7560483870967742,0.3854059609455293,Logistic Regression,S4
0.14757466316223145,0.03683304786682129,0.6377337598425197,0.5403439153439153,0.5109078114004222,0.7318548387096774,0.3924324324324324,Logistic Regression,S4
1.5668888092041016,0.09288167953491211,0.7209296793224854,0.5988103106411103,0.5793485793485793,0.842741935483871,0.44139387539598735,Logistic Regression,S5
2.586773157119751,0.06729483604431152,0.7213905937767628,0.6107072042300066,0.5889741800418702,0.8508064516129032,0.4503735325506937,Logistic Regression,S5
2.0221657752990723,0.0458219051361084,0.7092507778765558,0.6018518518518519,0.5599415204678363,0.7721774193548387,0.43922018348623854,Logistic Regression,S5
1.2716748714447021,0.19118404388427734,0.5694345323056428,0.5122273628552545,0.4636627906976744,0.6431451612903226,0.3625,Random Forest,S1
1.3021371364593506,0.19221949577331543,0.5575528515240905,0.5538664904163912,0.4389027431421446,0.532258064516129,0.3734087694483734,Random Forest,S1
1.2142183780670166,0.20076584815979004,0.5866766811658624,0.5191798941798942,0.48034310221586846,0.6774193548387096,0.37209302325581395,Random Forest,S1
4.321757078170776,0.3993074893951416,0.7364461414026073,0.612690019828156,0.5778097982708934,0.8084677419354839,0.4495515695067265,Random Forest,S2
5.6478331089019775,0.36768269538879395,0.7229596853490659,0.6047587574355585,0.5852981969486823,0.8508064516129032,0.44608879492600423,Random Forest,S2
4.346741437911987,0.359987735748291,0.7168003476631952,0.6256613756613757,0.575075075075075,0.7721774193548387,0.458133971291866,Random Forest,S2
7.157345771789551,0.4997549057006836,0.6441165508928854,0.5512227362855254,0.5167259786476869,0.7318548387096774,0.39933993399339934,Random Forest,S3
6.350823402404785,0.5134429931640625,0.6530196339645383,0.5697290152015863,0.5086792452830189,0.6794354838709677,0.40651387213510254,Random Forest,S3
7.178459882736206,0.5107476711273193,0.670136684023368,0.5667989417989417,0.5284377249820015,0.7399193548387096,0.41097424412094063,Random Forest,S3
0.7645986080169678,0.09804797172546387,0.6873344672820123,0.6232650363516193,0.5343137254901961,0.6592741935483871,0.4491758241758242,Random Forest,S4
0.7903342247009277,0.0981600284576416,0.6757967377168776,0.6153337739590218,0.5190082644628099,0.6330645161290323,0.43977591036414565,Random Forest,S4
0.7918112277984619,0.11078262329101562,0.6629691071882143,0.5992063492063492,0.5120772946859904,0.6411290322580645,0.4262734584450402,Random Forest,S4
7.059218645095825,0.5113518238067627,0.7433172360199194,0.6146728354263054,0.5814788226848528,0.8165322580645161,0.451505016722408,Random Forest,S5
8.002240896224976,0.3679788112640381,0.7376702905446126,0.6173165895571712,0.5849462365591398,0.8225806451612904,0.45383759733036705,Random Forest,S5
7.612464189529419,0.5341546535491943,0.7236672910845823,0.6197089947089947,0.5731254639940608,0.7782258064516129,0.4535840188014101,Random Forest,S5
0.428447961807251,0.06393241882324219,0.569990603292416,0.4983476536682089,0.47401247401247404,0.6895161290322581,0.3611404435058078,XGBoost,S1
0.22429275512695312,0.045336246490478516,0.5504924350556666,0.5148711169861203,0.45710059171597633,0.6229838709677419,0.36098130841121495,XGBoost,S1
0.2109673023223877,0.04510188102722168,0.5886541148082296,0.49537037037037035,0.4841108857336038,0.7217741935483871,0.3641912512716175,XGBoost,S1
0.6912760734558105,0.0635993480682373,0.717957028895867,0.6133509583608724,0.5689019896831246,0.7782258064516129,0.44831591173054586,XGBoost,S2
0.7097752094268799,0.06164145469665527,0.7220606543597552,0.6232650363516193,0.582723279648609,0.8024193548387096,0.4574712643678161,XGBoost,S2
0.714669942855835,0.05953574180603027,0.7085443389636779,0.6243386243386243,0.5534591194968553,0.7096774193548387,0.4536082474226804,XGBoost,S2
1.3885695934295654,0.08490443229675293,0.6334600104672186,0.5214805023132849,0.5061391541609823,0.7479838709677419,0.3824742268041237,XGBoost,S3
1.348222255706787,0.08038187026977539,0.6401437656611793,0.5611368142762723,0.5074183976261127,0.6895161290322581,0.4014084507042254,XGBoost,S3
1.3631620407104492,0.0837104320526123,0.6505359807594615,0.5502645502645502,0.5142857142857142,0.7258064516129032,0.39823008849557523,XGBoost,S3
0.3055410385131836,0.049655914306640625,0.6831921844767976,0.6007931262392597,0.5451807228915663,0.7298387096774194,0.43509615384615385,XGBoost,S4
0.29531192779541016,0.0603175163269043,0.6721609652044281,0.6014540647719762,0.5255704169944925,0.6733870967741935,0.4309677419354839,XGBoost,S4
0.299574613571167,0.04797220230102539,0.6710723187071372,0.5985449735449735,0.5404996214988645,0.719758064516129,0.43272727272727274,XGBoost,S4
4.913252115249634,0.09025049209594727,0.7380330748247534,0.6040978189028421,0.5802382620882971,0.8346774193548387,0.4446831364124597,XGBoost,S5
1.9751334190368652,0.09670281410217285,0.7324099184825705,0.6093853271645737,0.5811481218993622,0.8266129032258065,0.44808743169398907,XGBoost,S5
1.974538803100586,0.09670019149780273,0.722279217995936,0.6124338624338624,0.5753623188405798,0.8004032258064516,0.4490950226244344,XGBoost,S5
0.12484097480773926,0.17754387855529785,0.5459943064674724,0.4534038334434898,0.47223994894703253,0.7459677419354839,0.34547152194211017,KNN,S1
0.12293338775634766,0.15755033493041992,0.5626219193072605,0.5168539325842697,0.4819277108433735,0.6854838709677419,0.37158469945355194,KNN,S1
0.1262516975402832,0.14558935165405273,0.5331778241681483,0.47619047619047616,0.43909348441926344,0.625,0.3384279475982533,KNN,S1
0.20237517356872559,0.5351483821868896,0.7243731563421829,0.5624586913417052,0.5690104166666666,0.8810483870967742,0.4201923076923077,KNN,S2
0.17801761627197266,0.5524196624755859,0.712923644812383,0.5637805684071381,0.5652173913043478,0.8649193548387096,0.4197651663405088,KNN,S2
0.17940044403076172,0.5420370101928711,0.7000601266827533,0.5701058201058201,0.5602165087956699,0.8346774193548387,0.4215885947046843,KNN,S2
0.9698507785797119,0.42220044136047363,0.5935765375709708,0.5717118307997356,0.4489795918367347,0.532258064516129,0.38823529411764707,KNN,S3
0.9476289749145508,0.6515941619873047,0.61158193770419,0.6100462656972901,0.4249512670565302,0.43951612903225806,0.41132075471698115,KNN,S3
1.4988281726837158,0.7115428447723389,0.596069739014478,0.6058201058201058,0.4356060606060606,0.4637096774193548,0.4107142857142857,KNN,S3
0.23205184936523438,0.3407628536224365,0.6741741205950456,0.5109054857898215,0.5286624203821656,0.8366935483870968,0.38640595903165736,KNN,S4
0.21913743019104004,0.2953457832336426,0.6413897215085483,0.5294117647058824,0.5246995994659546,0.7923387096774194,0.39221556886227543,KNN,S4
0.1307361125946045,0.2435917854309082,0.6356144431038862,0.5112433862433863,0.5216828478964401,0.8125,0.3841754051477598,KNN,S4
1.5132923126220703,0.8498923778533936,0.7343298997684524,0.6721744877726371,0.5731497418244407,0.6713709677419355,0.5,KNN,S5
1.4977302551269531,0.824878454208374,0.7192228090208393,0.6814276272306675,0.529296875,0.5463709677419355,0.5132575757575758,KNN,S5
1.524585485458374,0.8319487571716309,0.7056967551435103,0.6567460317460317,0.5189990732159406,0.5645161290322581,0.48027444253859347,KNN,S5
